id,crop
611.0,3
6417.0,2
3352.0,3
4224.0,1
3102.0,6
6793.0,3
5477.0,6
561.0,4
5839.0,1
476.0,3
2759.0,3
5882.0,0
811.0,0
2656.0,4
2858.0,2
3825.0,2
3955.0,6
3822.0,0
5422.0,4
393.0,6
538.0,2
2417.0,0
1421.0,3
2486.0,3
2654.0,5
496.0,6
2876.0,3
2398.0,5
2114.0,4
2804.0,1
1242.0,4
3761.0,4
101.0,6
6201.0,3
2860.0,4
5684.0,2
3014.0,0
5912.0,3
3017.0,3
2069.0,5
712.0,4
1536.0,6
534.0,6
3779.0,2
473.0,0
239.0,4
2941.0,0
3279.0,6
1188.0,2
1483.0,5
5364.0,3
1244.0,4
1616.0,3
683.0,1
6388.0,1
5950.0,4
4934.0,5
3813.0,1
2094.0,3
1488.0,6
5934.0,3
1297.0,4
1915.0,0
4870.0,0
2833.0,1
733.0,0
2249.0,0
233.0,0
3527.0,5
4334.0,5
2900.0,4
5239.0,4
6365.0,4
3651.0,3
1971.0,3
3221.0,0
5816.0,0
676.0,2
4643.0,4
3100.0,4
982.0,4
1817.0,6
4657.0,3
3878.0,1
2268.0,2
2578.0,3
469.0,4
6500.0,1
4756.0,5
3353.0,6
5697.0,3
5218.0,4
3824.0,0
6270.0,1
5157.0,5
6254.0,5
2436.0,5
3535.0,2
5594.0,5
6848.0,6
1480.0,3
2299.0,6
970.0,3
6557.0,3
4746.0,2
812.0,6
3103.0,4
2131.0,3
5141.0,3
4786.0,5
6127.0,1
5360.0,4
1103.0,4
2453.0,6
2642.0,2
756.0,3
6507.0,4
3431.0,1
3946.0,0
5154.0,1
4996.0,3
6599.0,5
3770.0,3
6084.0,6
4442.0,2
4724.0,4
2251.0,3
3256.0,0
5166.0,0
1886.0,6
2864.0,0
132.0,2
5704.0,0
4050.0,0
2473.0,4
2440.0,3
2405.0,1
2598.0,0
429.0,1
2794.0,1
1084.0,4
800.0,2
2347.0,5
3328.0,2
6570.0,3
1871.0,6
6865.0,2
4404.0,2
4510.0,1
468.0,6
4764.0,5
5773.0,1
2291.0,3
6099.0,6
642.0,6
6139.0,2
1433.0,1
503.0,6
2389.0,6
5904.0,5
3182.0,2
6730.0,2
2034.0,2
3482.0,4
4025.0,5
4667.0,6
543.0,0
6505.0,4
5740.0,5
6280.0,0
6415.0,1
3768.0,6
5936.0,0
381.0,1
6646.0,5
2589.0,5
4046.0,4
6378.0,2
447.0,0
3035.0,6
1158.0,3
6697.0,6
6869.0,1
4923.0,1
2029.0,6
3887.0,0
1608.0,0
50.0,2
169.0,2
2132.0,5
4852.0,1
217.0,1
2239.0,3
1055.0,3
6512.0,5
5640.0,4
5405.0,4
2260.0,4
1721.0,5
6589.0,3
1650.0,3
179.0,3
1047.0,1
4272.0,4
6078.0,3
586.0,6
2208.0,6
3805.0,6
2571.0,4
4909.0,1
1539.0,6
3001.0,3
6031.0,1
4099.0,5
1221.0,6
5921.0,3
168.0,2
4041.0,5
2886.0,0
4872.0,5
230.0,0
3306.0,3
5696.0,4
6689.0,4
437.0,2
6591.0,1
2664.0,4
2986.0,5
4559.0,5
435.0,0
4591.0,2
79.0,1
5828.0,4
6052.0,2
2477.0,2
5292.0,2
1487.0,0
3570.0,0
734.0,3
457.0,3
4210.0,6
5987.0,1
3473.0,3
5099.0,6
5798.0,1
2415.0,5
511.0,5
6122.0,5
2522.0,6
3297.0,1
5706.0,1
2392.0,5
1410.0,3
4078.0,4
3785.0,6
6755.0,6
3098.0,1
4733.0,6
1839.0,3
3418.0,0
2648.0,2
2317.0,5
4765.0,2
5609.0,1
5494.0,6
2579.0,6
2550.0,5
4915.0,4
4815.0,2
95.0,3
1934.0,3
535.0,4
2850.0,5
3487.0,4
4110.0,4
2829.0,3
3206.0,1
3563.0,2
6246.0,2
4956.0,5
2484.0,6
2154.0,1
4015.0,1
6430.0,3
2899.0,2
4767.0,4
3751.0,5
2463.0,4
5771.0,4
2464.0,2
2629.0,5
1174.0,1
4291.0,5
5966.0,6
5821.0,2
4918.0,1
5185.0,6
6814.0,3
2110.0,5
2173.0,5
6643.0,6
4762.0,3
2215.0,4
4245.0,2
6759.0,1
1057.0,0
2095.0,1
6824.0,2
5413.0,3
5819.0,4
1149.0,4
5357.0,3
3907.0,1
61.0,6
4266.0,5
2127.0,2
3169.0,2
1181.0,5
2726.0,5
5708.0,6
3128.0,6
3439.0,0
19.0,3
5057.0,0
3220.0,2
4060.0,3
5206.0,3
6608.0,5
5101.0,6
2210.0,6
3277.0,1
5806.0,2
1918.0,4
828.0,1
3545.0,3
5617.0,0
5545.0,2
3656.0,6
5368.0,4
6561.0,5
247.0,2
1046.0,4
4220.0,5
6683.0,2
1507.0,3
1732.0,6
3901.0,2
4189.0,3
5613.0,0
487.0,0
1372.0,4
2388.0,2
1783.0,6
3504.0,2
3519.0,0
3977.0,2
3912.0,5
1632.0,2
4412.0,6
852.0,6
5532.0,3
2927.0,0
5803.0,4
4347.0,2
3454.0,0
1375.0,6
706.0,2
3402.0,5
1801.0,4
3881.0,4
31.0,0
3407.0,2
1744.0,3
3071.0,3
1345.0,1
6785.0,1
1034.0,0
6266.0,0
4209.0,2
6216.0,0
4983.0,3
1617.0,3
17.0,6
96.0,6
1820.0,3
3012.0,0
156.0,6
5735.0,1
4984.0,1
3250.0,2
319.0,3
1867.0,4
2609.0,6
4251.0,4
932.0,1
321.0,6
3921.0,4
4022.0,3
4071.0,5
5164.0,5
1765.0,5
4318.0,5
960.0,3
6129.0,0
6876.0,5
2117.0,3
80.0,1
1452.0,1
3497.0,4
994.0,6
5985.0,5
1407.0,4
4235.0,6
6864.0,5
1720.0,2
2666.0,6
6609.0,4
865.0,0
1219.0,3
1042.0,4
965.0,4
5367.0,6
1586.0,4
1992.0,5
6513.0,2
93.0,2
3078.0,6
3795.0,1
1005.0,1
3951.0,6
5643.0,3
763.0,1
2677.0,5
3961.0,4
4287.0,3
37.0,1
408.0,3
6551.0,6
2465.0,3
5796.0,5
5559.0,0
2406.0,0
4357.0,3
1038.0,4
3759.0,5
1039.0,5
3842.0,1
2118.0,6
1352.0,4
1656.0,1
3947.0,3
3248.0,4
6503.0,1
5123.0,3
2981.0,6
4315.0,1
6156.0,6
742.0,3
3320.0,5
576.0,3
1374.0,1
5386.0,1
3260.0,0
4877.0,1
472.0,0
263.0,2
2338.0,5
6897.0,0
1321.0,3
1883.0,1
6871.0,0
2091.0,6
5670.0,4
334.0,1
4252.0,2
927.0,2
2728.0,5
4747.0,3
1277.0,5
23.0,5
6795.0,1
2691.0,5
625.0,0
5737.0,4
1197.0,4
4801.0,2
3703.0,5
5940.0,1
4402.0,3
1097.0,6
585.0,6
1737.0,2
1499.0,1
2718.0,4
4986.0,4
1002.0,0
1287.0,6
6027.0,3
2337.0,5
1858.0,4
592.0,3
6710.0,4
4641.0,0
798.0,1
1370.0,4
6538.0,6
4578.0,4
177.0,1
2462.0,0
4725.0,0
5873.0,5
544.0,5
4301.0,5
4176.0,3
1420.0,5
2542.0,5
3109.0,5
1550.0,2
4701.0,5
2509.0,6
1554.0,3
6651.0,0
378.0,5
5466.0,5
4963.0,2
199.0,3
3634.0,0
1882.0,4
6071.0,2
2548.0,0
4393.0,2
4813.0,0
2559.0,2
5272.0,1
1144.0,5
2821.0,1
3646.0,5
3599.0,4
696.0,0
4560.0,4
1168.0,6
5365.0,0
4920.0,4
5451.0,2
996.0,4
4715.0,1
2628.0,4
6772.0,6
5584.0,4
3904.0,1
2669.0,1
2083.0,2
547.0,5
5701.0,0
1755.0,3
1223.0,5
5118.0,1
5865.0,3
1078.0,2
3802.0,2
1075.0,1
2184.0,3
1041.0,4
5438.0,2
2042.0,2
4691.0,4
1623.0,0
518.0,0
6212.0,0
3357.0,1
3689.0,5
3346.0,3
491.0,2
5857.0,1
6789.0,6
323.0,4
2926.0,5
3034.0,6
1320.0,5
3388.0,2
3753.0,6
2972.0,3
6892.0,2
324.0,2
6576.0,6
5992.0,0
1263.0,5
3559.0,5
5937.0,4
1595.0,6
6588.0,4
1281.0,1
2446.0,5
3956.0,2
4086.0,0
88.0,1
6069.0,5
957.0,0
1362.0,1
6659.0,0
4217.0,2
3187.0,1
1451.0,5
198.0,5
2942.0,0
3209.0,4
5335.0,5
73.0,1
1694.0,0
2275.0,3
1108.0,1
1559.0,6
6237.0,2
2758.0,6
2432.0,5
3096.0,4
1747.0,2
3518.0,1
2836.0,2
2264.0,2
4359.0,2
5244.0,6
3049.0,4
6221.0,0
6291.0,1
5548.0,5
6753.0,3
921.0,5
6682.0,6
4550.0,0
6678.0,2
4698.0,2
1335.0,5
5814.0,4
2018.0,5
4645.0,5
6222.0,6
2689.0,3
3973.0,0
208.0,6
1535.0,1
4690.0,0
833.0,4
620.0,0
6502.0,6
6043.0,5
6490.0,1
3063.0,6
4087.0,3
1919.0,4
3164.0,4
6357.0,2
5461.0,2
4513.0,0
1199.0,4
2883.0,3
2348.0,6
5230.0,2
6529.0,4
1443.0,6
2254.0,1
6032.0,6
4738.0,0
5598.0,0
4319.0,4
1643.0,5
5151.0,5
401.0,5
4959.0,2
6655.0,0
41.0,4
4906.0,1
1862.0,2
4860.0,5
2789.0,6
2617.0,5
5802.0,2
5314.0,1
3846.0,5
3116.0,4
2080.0,0
2197.0,3
1056.0,5
4628.0,2
6377.0,3
6144.0,1
4151.0,1
1426.0,3
3193.0,5
6258.0,5
1498.0,2
736.0,6
3583.0,5
1730.0,2
3428.0,3
3090.0,4
5538.0,0
549.0,5
5528.0,5
6467.0,0
6435.0,2
296.0,4
4075.0,1
5209.0,1
4147.0,6
6695.0,2
5381.0,6
3411.0,2
3039.0,4
1009.0,0
6704.0,3
3168.0,0
3153.0,0
6395.0,2
5718.0,5
3123.0,2
6141.0,5
3195.0,4
1192.0,3
3891.0,3
1328.0,6
4058.0,1
5492.0,0
346.0,6
5072.0,0
2488.0,1
4427.0,1
1729.0,0
681.0,6
6274.0,3
6245.0,3
1261.0,3
87.0,2
465.0,5
5375.0,2
1087.0,0
3089.0,6
3662.0,0
4201.0,2
4523.0,0
2206.0,5
157.0,1
351.0,5
764.0,1
1371.0,6
5660.0,2
1726.0,2
2431.0,6
6131.0,4
5291.0,1
752.0,4
743.0,4
3027.0,6
5040.0,4
4148.0,1
2115.0,0
6758.0,2
1074.0,4
842.0,6
1582.0,0
2742.0,0
2575.0,6
4013.0,6
3315.0,2
6752.0,1
5445.0,5
4789.0,4
5638.0,2
167.0,5
1425.0,1
5679.0,0
1115.0,6
1163.0,5
4326.0,1
5227.0,0
3378.0,0
5593.0,5
6499.0,5
5669.0,5
4094.0,5
6320.0,1
4262.0,5
4271.0,0
2164.0,6
1385.0,1
6005.0,0
1544.0,0
4102.0,3
2576.0,6
3263.0,1
3667.0,3
6183.0,1
3979.0,3
5273.0,3
5666.0,1
1436.0,0
373.0,5
4905.0,3
4977.0,5
1397.0,6
308.0,1
4258.0,1
1438.0,4
6039.0,1
4454.0,0
2202.0,6
1501.0,2
2226.0,6
1195.0,5
5446.0,2
4342.0,4
1803.0,0
65.0,4
2499.0,4
5754.0,3
1317.0,6
1789.0,3
3671.0,2
6844.0,4
3392.0,0
3578.0,3
1393.0,3
6030.0,6
4557.0,6
3480.0,6
322.0,5
248.0,1
5330.0,4
3882.0,2
5880.0,2
4080.0,2
2223.0,3
231.0,5
6143.0,4
4498.0,0
4534.0,5
5665.0,5
3298.0,5
2603.0,3
91.0,5
5763.0,1
318.0,6
5784.0,1
3107.0,1
2328.0,4
4975.0,6
4618.0,1
5039.0,4
3554.0,3
1775.0,6
6022.0,5
3593.0,5
5866.0,0
5728.0,0
1840.0,5
1090.0,2
5664.0,1
4528.0,6
1740.0,2
2592.0,3
1215.0,6
4043.0,3
5570.0,3
6198.0,6
2318.0,2
3410.0,4
4471.0,3
4294.0,4
4529.0,3
4666.0,5
4056.0,5
265.0,6
6778.0,1
5714.0,4
2087.0,1
6877.0,2
789.0,4
2644.0,0
5481.0,1
5721.0,2
838.0,3
14.0,5
3478.0,3
1662.0,4
6366.0,6
5686.0,1
8.0,5
4162.0,5
6556.0,6
332.0,6
5156.0,4
4650.0,4
3484.0,0
3550.0,3
2697.0,1
2952.0,0
2835.0,6
2741.0,3
339.0,6
2851.0,6
4118.0,1
4633.0,0
2413.0,5
2002.0,0
6012.0,6
2505.0,4
622.0,3
1201.0,3
2651.0,1
6831.0,5
1966.0,2
1079.0,4
6622.0,0
3148.0,1
4482.0,3
6802.0,0
3443.0,0
6716.0,5
3641.0,3
6690.0,4
1176.0,4
1061.0,6
5963.0,2
4834.0,6
5938.0,5
3571.0,6
196.0,1
3698.0,1
1954.0,3
1926.0,4
4630.0,5
2588.0,0
5960.0,1
432.0,5
3910.0,4
6358.0,6
4825.0,5
6654.0,4
4740.0,5
3606.0,1
3334.0,0
3529.0,2
2441.0,3
5607.0,3
5035.0,6
84.0,4
3176.0,2
2618.0,4
3185.0,1
425.0,5
4558.0,3
1022.0,3
4407.0,4
5060.0,0
3781.0,4
604.0,6
4273.0,0
2985.0,0
2470.0,2
3163.0,3
6592.0,5
1728.0,1
1465.0,4
4398.0,2
3475.0,2
2149.0,6
4597.0,5
6854.0,4
185.0,4
2375.0,6
4603.0,6
747.0,3
3016.0,1
5081.0,2
2795.0,6
4113.0,6
2907.0,2
1412.0,6
5417.0,2
2873.0,2
486.0,6
3880.0,4
4391.0,1
1768.0,3
5061.0,5
5424.0,6
5702.0,0
4985.0,5
3721.0,4
6743.0,6
2807.0,6
4937.0,0
245.0,4
904.0,1
4878.0,6
6468.0,4
2847.0,3
1419.0,1
5766.0,1
228.0,3
4504.0,6
4695.0,0
2842.0,5
1652.0,1
3889.0,4
4221.0,2
2753.0,4
3829.0,0
6674.0,2
100.0,1
5224.0,3
4169.0,5
4269.0,2
3309.0,5
5064.0,5
5656.0,4
1606.0,5
3861.0,1
5447.0,5
2715.0,5
6648.0,1
4370.0,1
2646.0,6
3347.0,3
6128.0,0
254.0,0
2902.0,6
221.0,0
4755.0,5
3323.0,5
5143.0,4
6275.0,2
4925.0,1
5416.0,2
1379.0,0
5247.0,4
6319.0,3
5253.0,0
376.0,1
755.0,1
291.0,5
3469.0,2
1175.0,3
188.0,5
6539.0,4
1832.0,2
5965.0,0
3790.0,1
501.0,2
5913.0,2
2874.0,3
5540.0,5
2957.0,0
3978.0,3
6385.0,3
672.0,3
4793.0,5
1964.0,4
6487.0,4
5377.0,1
3509.0,3
5407.0,5
1702.0,1
216.0,2
2020.0,1
5812.0,0
4568.0,2
5420.0,4
506.0,0
5572.0,3
6484.0,0
1153.0,5
6317.0,1
4600.0,0
4081.0,3
1978.0,3
4417.0,1
4405.0,4
3817.0,6
347.0,3
1533.0,3
333.0,4
6565.0,0
5550.0,1
6029.0,5
6414.0,5
6458.0,0
6444.0,2
4942.0,6
746.0,3
2287.0,0
1557.0,5
4522.0,3
3800.0,4
3592.0,1
4938.0,1
259.0,4
3101.0,5
6820.0,2
5402.0,3
3127.0,3
5790.0,2
599.0,6
45.0,5
4392.0,6
3488.0,0
6312.0,2
6602.0,6
2812.0,5
3905.0,2
4284.0,0
4051.0,6
2153.0,4
3898.0,1
426.0,5
1193.0,1
805.0,4
410.0,1
6340.0,2
3616.0,0
438.0,0
4539.0,2
434.0,4
4535.0,3
5861.0,6
3308.0,5
3442.0,3
1961.0,0
5274.0,6
5097.0,6
4077.0,2
1049.0,1
626.0,5
3295.0,3
210.0,1
3728.0,1
6329.0,3
2133.0,5
51.0,0
1109.0,4
3893.0,6
3932.0,1
6771.0,5
6315.0,3
4808.0,6
4088.0,0
5859.0,2
5106.0,3
1979.0,2
5153.0,6
3922.0,1
5489.0,0
5354.0,0
5944.0,3
2272.0,6
5132.0,4
4401.0,6
1741.0,4
705.0,2
3513.0,0
4001.0,5
5674.0,4
5563.0,0
3010.0,3
527.0,3
1870.0,0
565.0,1
1509.0,3
2191.0,5
640.0,4
1406.0,0
730.0,3
5884.0,3
4240.0,4
325.0,3
290.0,1
4379.0,0
4974.0,6
5785.0,0
4593.0,2
4546.0,5
4428.0,4
5979.0,1
1599.0,5
864.0,6
5566.0,5
5840.0,6
5518.0,0
6445.0,3
2182.0,5
5388.0,3
371.0,1
1965.0,2
6661.0,6
3032.0,6
6103.0,5
2647.0,2
5013.0,5
5307.0,2
4739.0,4
4935.0,5
6248.0,3
3494.0,2
5900.0,6
5003.0,3
1446.0,0
2818.0,5
122.0,2
479.0,6
5371.0,3
4960.0,5
6618.0,2
3425.0,3
4477.0,2
940.0,0
1872.0,2
5045.0,5
439.0,4
847.0,2
3984.0,3
2333.0,5
4828.0,2
3131.0,1
1173.0,2
3682.0,0
2663.0,6
1566.0,1
1665.0,6
4531.0,5
3422.0,4
4769.0,2
279.0,2
1912.0,5
1467.0,5
3611.0,3
4104.0,0
5958.0,3
3832.0,2
1553.0,3
1101.0,3
3226.0,1
6691.0,0
1888.0,2
577.0,5
59.0,1
4280.0,5
787.0,6
2364.0,5
4383.0,0
1545.0,3
6664.0,3
2301.0,6
4947.0,3
1183.0,4
1760.0,0
6330.0,1
5939.0,6
1786.0,0
5851.0,6
4903.0,2
420.0,2
5267.0,2
553.0,5
1618.0,5
2119.0,6
1562.0,2
1414.0,6
443.0,5
4369.0,3
4371.0,6
1672.0,6
6712.0,5
4295.0,0
1543.0,0
181.0,4
3396.0,2
794.0,4
1330.0,0
4338.0,5
1400.0,2
5729.0,5
1864.0,2
5250.0,6
3244.0,4
4990.0,4
530.0,6
5853.0,2
710.0,2
2229.0,0
1315.0,6
558.0,6
5807.0,2
2225.0,1
5753.0,0
6495.0,5
907.0,3
3288.0,2
5849.0,5
5589.0,5
1869.0,5
3731.0,1
1835.0,5
2908.0,5
3626.0,5
926.0,6
6017.0,2
4950.0,0
15.0,3
6238.0,4
315.0,1
5690.0,0
4901.0,1
1161.0,5
1423.0,1
1512.0,3
4881.0,1
1620.0,0
1212.0,0
1578.0,2
3664.0,3
5397.0,3
6076.0,1
5736.0,3
2302.0,4
1844.0,2
6035.0,1
4927.0,3
1373.0,6
4096.0,6
5286.0,5
1323.0,4
5103.0,4
1657.0,0
4692.0,3
4302.0,0
3543.0,3
3856.0,5
2638.0,2
1032.0,4
6653.0,2
3783.0,2
3077.0,1
6491.0,2
3269.0,6
1010.0,4
6660.0,0
4207.0,4
691.0,6
533.0,2
4714.0,5
6066.0,2
652.0,0
33.0,6
4490.0,0
44.0,5
3270.0,0
2233.0,1
964.0,2
1511.0,6
4607.0,1
6077.0,5
3477.0,6
1569.0,3
6354.0,3
2271.0,1
6676.0,2
5140.0,5
4656.0,5
2458.0,2
26.0,6
4886.0,6
63.0,0
1044.0,0
2582.0,4
3043.0,6
227.0,2
5826.0,5
5781.0,6
5902.0,3
3066.0,3
1703.0,6
2126.0,2
969.0,3
4508.0,4
2763.0,5
2053.0,2
5345.0,6
1782.0,2
2596.0,5
2303.0,0
2024.0,5
2168.0,2
2955.0,5
4035.0,6
4464.0,0
2138.0,2
252.0,2
3541.0,3
5434.0,5
5216.0,6
4750.0,4
6100.0,4
5755.0,6
6213.0,3
4335.0,5
5762.0,4
2183.0,4
5079.0,6
4233.0,1
2004.0,0
641.0,1
6279.0,0
4660.0,6
1477.0,5
297.0,6
303.0,3
3989.0,3
5077.0,3
6026.0,3
1718.0,4
1893.0,4
2802.0,6
655.0,0
1561.0,0
5199.0,1
4006.0,6
240.0,0
783.0,3
1354.0,4
1018.0,4
2298.0,6
977.0,1
809.0,2
3836.0,1
4602.0,3
257.0,1
893.0,2
4709.0,2
2410.0,1
2543.0,1
3470.0,3
4814.0,5
6564.0,0
6843.0,2
3114.0,6
5372.0,2
1357.0,3
1454.0,2
2098.0,6
6239.0,3
1670.0,0
3929.0,5
1894.0,5
6059.0,2
3734.0,2
2439.0,3
3934.0,4
2699.0,5
5004.0,0
4771.0,5
3940.0,4
4677.0,6
2323.0,1
6060.0,1
2778.0,5
1092.0,3
4817.0,2
124.0,0
6888.0,2
1921.0,0
4196.0,5
1859.0,6
3240.0,1
6375.0,5
3080.0,0
4564.0,0
598.0,0
75.0,5
1339.0,1
1416.0,0
6883.0,0
2124.0,2
4624.0,3
5378.0,3
2722.0,0
149.0,5
6849.0,2
5459.0,5
453.0,3
2770.0,4
4236.0,2
3025.0,2
808.0,2
2862.0,2
3227.0,1
5797.0,1
1558.0,3
1119.0,3
6846.0,1
810.0,5
1129.0,5
834.0,2
4108.0,0
5306.0,0
6598.0,1
3752.0,1
1235.0,4
1225.0,2
1669.0,1
1940.0,4
6057.0,4
4260.0,1
2622.0,1
1615.0,6
4832.0,1
2107.0,3
1027.0,4
6276.0,1
5184.0,0
349.0,5
452.0,1
662.0,1
172.0,3
1405.0,3
5179.0,1
4456.0,3
422.0,0
2510.0,0
6486.0,5
881.0,5
5947.0,1
1253.0,6
2706.0,2
6085.0,6
6171.0,2
3980.0,5
6429.0,5
4331.0,2
102.0,0
4840.0,4
5649.0,1
6544.0,0
2310.0,1
2357.0,1
4966.0,0
3349.0,4
6045.0,4
6798.0,6
6492.0,5
135.0,5
2684.0,4
3661.0,5
6629.0,5
6256.0,3
4601.0,1
3463.0,4
2288.0,5
6337.0,2
1600.0,5
4072.0,6
1671.0,6
6711.0,2
807.0,5
462.0,3
879.0,2
3126.0,1
4871.0,1
5193.0,0
4462.0,0
3383.0,0
799.0,4
354.0,1
5201.0,4
1073.0,4
4588.0,3
2063.0,3
144.0,0
380.0,0
1340.0,6
3366.0,1
5473.0,0
121.0,2
4679.0,1
1360.0,5
418.0,5
3492.0,0
5437.0,2
1514.0,2
5889.0,0
4304.0,2
2245.0,2
5026.0,4
555.0,3
1916.0,2
3406.0,1
1941.0,3
1485.0,3
5748.0,3
1272.0,0
6464.0,4
1411.0,0
6053.0,5
6301.0,3
1471.0,2
2189.0,1
5394.0,5
4617.0,4
5523.0,1
5982.0,1
2662.0,0
3047.0,6
3007.0,5
3006.0,4
6478.0,1
4047.0,5
3337.0,1
6105.0,4
3125.0,3
6082.0,3
1268.0,0
414.0,4
4092.0,5
2954.0,0
654.0,3
4017.0,0
1891.0,3
5382.0,0
3159.0,2
5086.0,3
3404.0,4
773.0,5
5636.0,4
589.0,5
3774.0,5
4519.0,6
3018.0,0
4993.0,6
3758.0,2
2868.0,2
701.0,1
3379.0,5
3834.0,0
5682.0,2
677.0,4
4794.0,3
4625.0,1
2498.0,6
2263.0,5
3927.0,0
693.0,0
1513.0,5
3717.0,5
6562.0,5
6064.0,0
110.0,3
2937.0,5
3820.0,1
3053.0,5
5935.0,4
3467.0,3
1795.0,3
856.0,5
5642.0,5
4532.0,4
5231.0,0
2418.0,5
2627.0,0
4299.0,0
1880.0,3
3204.0,5
2057.0,3
2345.0,0
3257.0,2
5076.0,5
1468.0,0
5075.0,3
2707.0,4
4952.0,2
4168.0,0
3944.0,6
107.0,3
29.0,4
3704.0,4
2112.0,3
5858.0,6
4716.0,3
751.0,1
3050.0,5
584.0,6
1220.0,2
2523.0,3
6117.0,3
4586.0,3
5931.0,1
548.0,6
5340.0,4
4039.0,5
6416.0,1
3450.0,5
3560.0,6
6647.0,2
6750.0,1
6217.0,2
1922.0,4
344.0,2
5019.0,5
5152.0,2
1575.0,2
5626.0,1
6470.0,6
2932.0,1
2678.0,1
1905.0,1
4172.0,4
2077.0,6
90.0,3
5822.0,6
4253.0,6
3414.0,1
2916.0,4
6422.0,2
624.0,1
69.0,4
889.0,5
3238.0,6
5233.0,0
4449.0,2
4541.0,6
6264.0,4
3139.0,0
947.0,5
877.0,0
2316.0,1
6441.0,5
293.0,1
6782.0,0
1876.0,6
445.0,1
3862.0,1
3268.0,1
6881.0,0
2031.0,5
5583.0,6
4594.0,3
4967.0,3
4093.0,3
4582.0,3
2977.0,5
6804.0,0
4823.0,1
367.0,1
3289.0,4
6406.0,4
5693.0,0
2045.0,1
3265.0,6
5344.0,0
6324.0,2
2177.0,0
6705.0,5
3660.0,6
3409.0,0
5503.0,0
4866.0,1
5303.0,4
4879.0,3
1807.0,1
1186.0,1
5028.0,0
2199.0,0
3528.0,2
2615.0,1
5242.0,5
6751.0,6
151.0,3
5595.0,1
1033.0,2
1383.0,0
915.0,4
1305.0,1
2142.0,1
2402.0,4
4883.0,6
509.0,6
2227.0,6
4941.0,2
5380.0,2
4366.0,2
1945.0,0
4537.0,5
748.0,6
6273.0,4
3915.0,5
1805.0,2
1310.0,6
1611.0,1
3024.0,5
911.0,6
2570.0,5
3023.0,2
2276.0,3
3964.0,2
4994.0,5
2577.0,4
1902.0,3
471.0,6
3995.0,6
6290.0,0
5619.0,0
4507.0,1
6514.0,6
3668.0,3
896.0,6
5223.0,6
4195.0,0
1773.0,0
3181.0,5
251.0,6
1209.0,2
2585.0,4
3732.0,0
5657.0,1
4982.0,0
3426.0,3
1128.0,6
2781.0,0
4386.0,3
1593.0,4
2521.0,1
3290.0,1
57.0,1
1699.0,3
1322.0,0
176.0,5
3064.0,6
5998.0,3
2882.0,5
6856.0,6
6383.0,2
292.0,3
1142.0,1
5862.0,6
3149.0,0
183.0,5
1170.0,3
2447.0,6
2943.0,6
3235.0,6
6177.0,3
2252.0,1
1086.0,6
2676.0,5
5066.0,6
1172.0,2
3837.0,3
2387.0,2
6594.0,3
6649.0,0
4761.0,5
4365.0,3
4635.0,3
5782.0,2
6715.0,1
2283.0,2
2997.0,3
613.0,3
2399.0,4
4472.0,4
2515.0,2
3589.0,6
1430.0,4
3939.0,2
1748.0,5
6219.0,3
505.0,4
415.0,1
1897.0,1
272.0,1
5212.0,2
1706.0,5
4672.0,6
4030.0,2
3680.0,6
4615.0,2
5768.0,5
2351.0,5
106.0,2
1344.0,4
6675.0,6
3764.0,5
5946.0,1
6008.0,1
3749.0,0
952.0,6
3002.0,0
6694.0,2
6786.0,5
1504.0,4
2688.0,3
6862.0,0
3614.0,5
4352.0,0
4264.0,1
1121.0,5
6380.0,1
5339.0,2
3132.0,6
1024.0,1
4851.0,1
3386.0,5
6630.0,3
3377.0,3
3413.0,1
416.0,0
2157.0,0
6613.0,2
2284.0,3
4154.0,0
564.0,5
478.0,5
5879.0,1
5648.0,5
1203.0,0
1224.0,0
142.0,2
2155.0,3
3787.0,0
5907.0,4
5010.0,0
3393.0,3
5911.0,3
2877.0,5
605.0,4
1194.0,3
1956.0,6
2594.0,2
2167.0,4
4545.0,6
1756.0,3
497.0,6
2022.0,3
2166.0,6
6748.0,5
3370.0,5
3666.0,2
4024.0,3
721.0,3
2370.0,4
1025.0,3
5241.0,3
1295.0,4
6898.0,4
1496.0,0
5741.0,0
1520.0,1
4997.0,2
6642.0,6
5008.0,1
2984.0,2
5269.0,3
2893.0,3
2519.0,2
5842.0,6
5021.0,6
1302.0,2
108.0,3
1754.0,2
1351.0,5
6522.0,6
5484.0,5
2963.0,0
3539.0,6
3815.0,6
2825.0,1
931.0,3
1973.0,6
336.0,0
6046.0,4
3362.0,2
4842.0,1
4194.0,6
1649.0,6
937.0,2
5951.0,6
1580.0,3
5941.0,3
387.0,3
6342.0,1
6182.0,4
6532.0,2
2704.0,1
5843.0,0
724.0,1
765.0,0
286.0,4
4270.0,6
6055.0,5
4353.0,2
307.0,0
4577.0,4
1860.0,6
5680.0,1
2925.0,0
2921.0,5
5370.0,0
4290.0,2
6094.0,1
6250.0,0
1791.0,5
6090.0,0
3551.0,0
1634.0,4
6536.0,2
4845.0,6
5852.0,4
184.0,2
3044.0,0
71.0,4
4084.0,2
711.0,3
421.0,3
1020.0,6
3433.0,3
2181.0,3
3091.0,4
737.0,5
4631.0,5
1260.0,0
1666.0,3
3710.0,6
2716.0,5
3003.0,1
3274.0,6
4463.0,6
6402.0,0
6571.0,6
2771.0,2
6126.0,2
1210.0,2
1695.0,1
4939.0,5
6480.0,5
1095.0,4
3796.0,4
6872.0,3
6189.0,5
4141.0,0
1630.0,3
3937.0,4
1881.0,4
4614.0,6
1612.0,2
978.0,3
6112.0,1
6520.0,1
3870.0,3
848.0,0
2805.0,4
3166.0,3
3757.0,5
6300.0,0
47.0,3
5678.0,2
1350.0,0
2312.0,5
446.0,3
1743.0,5
3968.0,3
3809.0,2
5485.0,6
5899.0,6
